carrier,avg_airtime
AA,3.47368094
AS,5.41314685
B6,3.94101864
DL,3.114574049
HA,10.38992207
OO,1.354807692
UA,3.976651969
US,2.34581095
WN,2.50122685
